{
  "GET /items?categoryId=" : {
    "transaction" : "GET /items?categoryId=",
    "sampleCount" : 71008,
    "errorCount" : 3371,
    "errorPct" : 4.7473526,
    "meanResTime" : 49.714426543487654,
    "medianResTime" : 52.0,
    "minResTime" : 1.0,
    "maxResTime" : 367.0,
    "pct1ResTime" : 96.0,
    "pct2ResTime" : 109.0,
    "pct3ResTime" : 153.0,
    "throughput" : 118.39501129627932,
    "receivedKBytesPerSec" : 174.76900724045652,
    "sentKBytesPerSec" : 17.46354045089245
  },
  "GET /categories/{id}/items" : {
    "transaction" : "GET /categories/{id}/items",
    "sampleCount" : 71004,
    "errorCount" : 3371,
    "errorPct" : 4.7476196,
    "meanResTime" : 50.42594783392577,
    "medianResTime" : 53.0,
    "minResTime" : 1.0,
    "maxResTime" : 419.0,
    "pct1ResTime" : 97.0,
    "pct2ResTime" : 109.0,
    "pct3ResTime" : 154.9900000000016,
    "throughput" : 118.39446145226805,
    "receivedKBytesPerSec" : 175.5752226102132,
    "sentKBytesPerSec" : 17.46339774629663
  },
  "Total" : {
    "transaction" : "Total",
    "sampleCount" : 355057,
    "errorCount" : 6742,
    "errorPct" : 1.8988501,
    "meanResTime" : 80.30746330870957,
    "medianResTime" : 73.0,
    "minResTime" : 1.0,
    "maxResTime" : 723.0,
    "pct1ResTime" : 150.0,
    "pct2ResTime" : 173.0,
    "pct3ResTime" : 225.0,
    "throughput" : 591.8247946447622,
    "receivedKBytesPerSec" : 4072.2388268941395,
    "sentKBytesPerSec" : 83.02370123906967
  },
  "GET /items" : {
    "transaction" : "GET /items",
    "sampleCount" : 177542,
    "errorCount" : 0,
    "errorPct" : 0.0,
    "meanResTime" : 110.33958162012343,
    "medianResTime" : 109.0,
    "minResTime" : 13.0,
    "maxResTime" : 723.0,
    "pct1ResTime" : 169.0,
    "pct2ResTime" : 191.0,
    "pct3ResTime" : 243.0,
    "throughput" : 295.9348997226371,
    "receivedKBytesPerSec" : 3588.111605602514,
    "sentKBytesPerSec" : 39.855473581244496
  },
  "GET /categories" : {
    "transaction" : "GET /categories",
    "sampleCount" : 35503,
    "errorCount" : 0,
    "errorPct" : 0.0,
    "meanResTime" : 51.07317691462675,
    "medianResTime" : 53.0,
    "minResTime" : 2.0,
    "maxResTime" : 390.0,
    "pct1ResTime" : 97.0,
    "pct2ResTime" : 109.0,
    "pct3ResTime" : 154.0,
    "throughput" : 59.20946203993549,
    "receivedKBytesPerSec" : 133.9689966939313,
    "sentKBytesPerSec" : 8.257119753109068
  }
}