{
  "GET /items?categoryId=" : {
    "transaction" : "GET /items?categoryId=",
    "sampleCount" : 39862,
    "errorCount" : 1897,
    "errorPct" : 4.7589183,
    "meanResTime" : 99.40314083588419,
    "medianResTime" : 156.0,
    "minResTime" : 1.0,
    "maxResTime" : 3650.0,
    "pct1ResTime" : 225.0,
    "pct2ResTime" : 246.0,
    "pct3ResTime" : 302.0,
    "throughput" : 66.53980336187757,
    "receivedKBytesPerSec" : 77.42044276701805,
    "sentKBytesPerSec" : 9.814856582390204
  },
  "GET /categories/{id}/items" : {
    "transaction" : "GET /categories/{id}/items",
    "sampleCount" : 39856,
    "errorCount" : 1897,
    "errorPct" : 4.7596345,
    "meanResTime" : 100.61980630268955,
    "medianResTime" : 159.0,
    "minResTime" : 1.0,
    "maxResTime" : 785.0,
    "pct1ResTime" : 228.0,
    "pct2ResTime" : 248.0,
    "pct3ResTime" : 304.0,
    "throughput" : 66.93762386214773,
    "receivedKBytesPerSec" : 77.96142717535521,
    "sentKBytesPerSec" : 9.87339097296866
  },
  "Total" : {
    "transaction" : "Total",
    "sampleCount" : 199316,
    "errorCount" : 3794,
    "errorPct" : 1.90351,
    "meanResTime" : 143.12552931023868,
    "medianResTime" : 251.5,
    "minResTime" : 1.0,
    "maxResTime" : 4626.0,
    "pct1ResTime" : 443.0,
    "pct2ResTime" : 498.0,
    "pct3ResTime" : 625.9900000000016,
    "throughput" : 332.1291217031374,
    "receivedKBytesPerSec" : 2208.51050502632,
    "sentKBytesPerSec" : 46.59265224348293
  },
  "GET /items" : {
    "transaction" : "GET /items",
    "sampleCount" : 99671,
    "errorCount" : 0,
    "errorPct" : 0.0,
    "meanResTime" : 186.3620210492511,
    "medianResTime" : 351.0,
    "minResTime" : 17.0,
    "maxResTime" : 4626.0,
    "pct1ResTime" : 491.0,
    "pct2ResTime" : 536.9500000000007,
    "pct3ResTime" : 667.0,
    "throughput" : 166.08622333015614,
    "receivedKBytesPerSec" : 1987.810486522085,
    "sentKBytesPerSec" : 22.368154331308446
  },
  "GET /categories" : {
    "transaction" : "GET /categories",
    "sampleCount" : 19927,
    "errorCount" : 0,
    "errorPct" : 0.0,
    "meanResTime" : 99.34300195714286,
    "medianResTime" : 69.0,
    "minResTime" : 1.0,
    "maxResTime" : 702.0,
    "pct1ResTime" : 205.0,
    "pct2ResTime" : 226.0,
    "pct3ResTime" : 275.0,
    "throughput" : 33.4728666023873,
    "receivedKBytesPerSec" : 66.59559208271882,
    "sentKBytesPerSec" : 4.6679391570975515
  }
}